num_experiments,batch_size,subset_ratio,max_train_steps,test accuracy 0,test accuracy 1,Avg logits_acc,Avg W1_nonzero,Avg W1_killed_neurons,Avg W1_killed_input_features,Avg W2_nonzero,Avg W2_killed_neurons,Avg W2_killed_input_features,Avg W3_nonzero,Avg W3_killed_neurons,Avg W3_killed_input_features,Avg test_accs,Avg iterations,Avg test adversarial acc for rho = 1e-05,Avg test adversarial acc for rho = 0.0001,Avg test adversarial acc for rho = 0.001,Avg test adversarial acc for rho = 0.01,Avg test adversarial acc for rho = 0.1,is_stable,rho,train_size,l2,l0,network_size,learning rate,W1 Nonzero weights,W2 Nonzero weights,W3 Nonzero weights,W1 Stability,W2 Stability,W3 Stability,std,logit_stability,gini_stability
2,64,0.8,2000,69.9999988079071,69.9999988079071,0.25000000406289474,0.48428199404761907,0.0,0.0,0.4901885986328125,0.0,0.0,0.4462890625,0.0,0.0,69.9999988079071,1000.0,0.699999988079071,0.699999988079071,0.6961538195610046,0.0,0.0,False,0,0.8,1e-05,0,"[256, 128]",0.0003,-0.005167367704934285,0.003142417188970518,0.004033876096321229,0.022804749625535903,0.003166100578225906,0.005113532538944883,0.0,[0.02023504 0.00159699 0.01957938 0.00159699],7.396449704142013e-06
2,64,0.8,2000,69.9999988079071,69.9999988079071,0.25000000406289474,0.48428199404761907,0.0,0.0,0.4901885986328125,0.0,0.0,0.4462890625,0.0,0.0,69.9999988079071,1000.0,0.699999988079071,0.699999988079071,0.6961538195610046,0.0,0.0,False,0,0.8,1e-05,0,"[256, 128]",0.0003,-0.005167367704934285,0.003142417188970518,0.004033876096321229,0.022804749625535903,0.003166100578225906,0.005113532538944883,0.0,[0.02023504 0.00159699 0.01957938 0.00159699],7.396449704142013e-06
